Email,Password
Jamel_OConner@example.com,cqmzmrBvce
Jamel_OConner@example.com,cqmzmrBvce
Jamel_OConner@example.com,cqmzmrBvce
Jamel_OConner@example.com,cqmzmrBvce
Jamel_OConner@example.com,cqmzmrBvce
Jamel_OConner@example.com,cqmzmrBvce
Jamel_OConner@example.com,cqmzmrBvce
Jamel_OConner@example.com,cqmzmrBvce
Jamel_OConner@example.com,cqmzmrBvce
Jamel_OConner@example.com,cqmzmrBvce
Jamel_OConner@example.com,cqmzmrBvce
Jamel_OConner@example.com,cqmzmrBvce
Jamel_OConner@example.com,cqmzmrBvce
Jamel_OConner@example.com,cqmzmrBvce
Jamel_OConner@example.com,cqmzmrBvce
Jamel_OConner@example.com,cqmzmrBvce
Jamel_OConner@example.com,cqmzmrBvce
Jamel_OConner@example.com,cqmzmrBvce
Jamel_OConner@example.com,cqmzmrBvce
Jamel_OConner@example.com,cqmzmrBvce
Jamel_OConner@example.com,cqmzmrBvce
Jamel_OConner@example.com,cqmzmrBvce
Jamel_OConner@example.com,cqmzmrBvce
Jamel_OConner@example.com,cqmzmrBvce
Jamel_OConner@example.com,cqmzmrBvce
Jamel_OConner@example.com,cqmzmrBvce
Jamel_OConner@example.com,cqmzmrBvce
Jamel_OConner@example.com,cqmzmrBvce
Jamel_OConner@example.com,cqmzmrBvce
Jamel_OConner@example.com,cqmzmrBvce
Jamel_OConner@example.com,cqmzmrBvce
Jamel_OConner@example.com,cqmzmrBvce
Jamel_OConner@example.com,cqmzmrBvce
Jamel_OConner@example.com,cqmzmrBvce
Jamel_OConner@example.com,cqmzmrBvce
Jamel_OConner@example.com,cqmzmrBvce
Jamel_OConner@example.com,cqmzmrBvce
Jamel_OConner@example.com,cqmzmrBvce
Jamel_OConner@example.com,cqmzmrBvce
Jamel_OConner@example.com,cqmzmrBvce
Jamel_OConner@example.com,cqmzmrBvce
Jamel_OConner@example.com,cqmzmrBvce
Jamel_OConner@example.com,cqmzmrBvce
Jamel_OConner@example.com,cqmzmrBvce
Jamel_OConner@example.com,cqmzmrBvce
Jamel_OConner@example.com,cqmzmrBvce
Jamel_OConner@example.com,cqmzmrBvce
Jamel_OConner@example.com,cqmzmrBvce
Jamel_OConner@example.com,cqmzmrBvce
Jamel_OConner@example.com,cqmzmrBvce
Jamel_OConner@example.com,cqmzmrBvce
Jamel_OConner@example.com,cqmzmrBvce
Jamel_OConner@example.com,cqmzmrBvce
Jamel_OConner@example.com,cqmzmrBvce
Jamel_OConner@example.com,cqmzmrBvce
Jamel_OConner@example.com,cqmzmrBvce
Jamel_OConner@example.com,cqmzmrBvce
Jamel_OConner@example.com,cqmzmrBvce
Jamel_OConner@example.com,cqmzmrBvce
Jamel_OConner@example.com,cqmzmrBvce
Jamel_OConner@example.com,cqmzmrBvce
Jamel_OConner@example.com,cqmzmrBvce
Jamel_OConner@example.com,cqmzmrBvce
Jamel_OConner@example.com,cqmzmrBvce
Jamel_OConner@example.com,cqmzmrBvce
Jamel_OConner@example.com,cqmzmrBvce
Jamel_OConner@example.com,cqmzmrBvce
Jamel_OConner@example.com,cqmzmrBvce
Jamel_OConner@example.com,cqmzmrBvce
Jamel_OConner@example.com,cqmzmrBvce
Jamel_OConner@example.com,cqmzmrBvce
Jamel_OConner@example.com,cqmzmrBvce
Jamel_OConner@example.com,cqmzmrBvce
Jamel_OConner@example.com,cqmzmrBvce
Jamel_OConner@example.com,cqmzmrBvce
Jamel_OConner@example.com,cqmzmrBvce
Jamel_OConner@example.com,cqmzmrBvce
Jamel_OConner@example.com,cqmzmrBvce
Jamel_OConner@example.com,cqmzmrBvce
Jamel_OConner@example.com,cqmzmrBvce
Jamel_OConner@example.com,cqmzmrBvce
Jamel_OConner@example.com,cqmzmrBvce
Jamel_OConner@example.com,cqmzmrBvce
Jamel_OConner@example.com,cqmzmrBvce
Jamel_OConner@example.com,cqmzmrBvce
Jamel_OConner@example.com,cqmzmrBvce
Jamel_OConner@example.com,cqmzmrBvce
Jamel_OConner@example.com,cqmzmrBvce
Jamel_OConner@example.com,cqmzmrBvce
Jamel_OConner@example.com,cqmzmrBvce
Jamel_OConner@example.com,cqmzmrBvce
Jamel_OConner@example.com,cqmzmrBvce
Jamel_OConner@example.com,cqmzmrBvce
Jamel_OConner@example.com,cqmzmrBvce
Jamel_OConner@example.com,cqmzmrBvce
Jamel_OConner@example.com,cqmzmrBvce
Jamel_OConner@example.com,cqmzmrBvce
Jamel_OConner@example.com,cqmzmrBvce
Jamel_OConner@example.com,cqmzmrBvce
Jamel_OConner@example.com,cqmzmrBvce
